DELETE FROM projektlabor.transportationplan;
DELETE FROM projektlabor.connecteddepos;
DELETE FROM projektlabor.depocontainer;
DELETE FROM projektlabor.depo;

INSERT INTO projektlabor.depo (DepoID, DepoName, DepoLocation) VALUES ('BSA', 'Budapest', 'Budapest');
INSERT INTO projektlabor.depo (DepoID, DepoName, DepoLocation) VALUES ('CSA', 'cc', 'cc');
INSERT INTO projektlabor.depo (DepoID, DepoName, DepoLocation) VALUES ('DSA', 'Debrecen', 'Debrecen');
INSERT INTO projektlabor.connecteddepos (PipeID, LeftDepoID, RightDepoID, PipeLength, PipeDiameter) VALUES ('1BSA6000DSA1', 'BSA', 'DSA', 6000, 1);
INSERT INTO projektlabor.connecteddepos (PipeID, LeftDepoID, RightDepoID, PipeLength, PipeDiameter) VALUES ('1BSA6000DSA2', 'BSA', 'DSA', 6000, 1);
INSERT INTO projektlabor.connecteddepos (PipeID, LeftDepoID, RightDepoID, PipeLength, PipeDiameter) VALUES ('1DSA5000CSA1', 'DSA', 'CSA', 5000, 1);
INSERT INTO projektlabor.connecteddepos (PipeID, LeftDepoID, RightDepoID, PipeLength, PipeDiameter) VALUES ('1DSA5000CSA2', 'DSA', 'CSA', 5000, 1);
INSERT INTO projektlabor.depocontainer (depoID, containerID, CurrentCapacity, MaxCapacity, fuelID) VALUES ('BSA', 'BSA1M10000', 5000, 10000, 1);
INSERT INTO projektlabor.depocontainer (depoID, containerID, CurrentCapacity, MaxCapacity, fuelID) VALUES ('BSA', 'BSA2M10000', 3000, 10000, 2);
INSERT INTO projektlabor.depocontainer (depoID, containerID, CurrentCapacity, MaxCapacity, fuelID) VALUES ('CSA', 'CSA1M10000', 4600, 10000, 1);
INSERT INTO projektlabor.depocontainer (depoID, containerID, CurrentCapacity, MaxCapacity, fuelID) VALUES ('CSA', 'CSA2M10000', 3000, 10000, 2);
INSERT INTO projektlabor.depocontainer (depoID, containerID, CurrentCapacity, MaxCapacity, fuelID) VALUES ('DSA', 'DSA1M10000', 4000, 10000, 1);
INSERT INTO projektlabor.depocontainer (depoID, containerID, CurrentCapacity, MaxCapacity, fuelID) VALUES ('DSA', 'DSA2M10000', 2900, 10000, 2);
INSERT INTO projektlabor.transportationplan (transportationID, startdepoID, endDepoID, fuelID, fuelAmount, startDate, endDdate, operatorID, pipeID) VALUES ('1', 'DSA', 'CSA', 1, 1000, '2020-01-01 10:00:00', '2020-01-01 11:00:00', 'AD123', '1DSA5000CSA1');
INSERT INTO projektlabor.transportationplan (transportationID, startdepoID, endDepoID, fuelID, fuelAmount, startDate, endDdate, operatorID, pipeID) VALUES ('2', 'CSA', 'DSA', 1, 1000, '2020-01-01 11:00:00', '2020-01-01 12:00:00', 'AD123', '1DSA5000CSA1');